{
	"credit": "Made with Blockbench",
	"texture_size": [64, 64],
	"textures": {
		"0": "item/counterfeit_billycock",
		"particle": "item/counterfeit_billycock"
	},
	"elements": [
		{
			"from": [3.5, 0, 3.5],
			"to": [12.5, 9, 12.5],
			"faces": {
				"north": {"uv": [3.25, 0, 5.5, 2.25], "texture": "#0"},
				"east": {"uv": [3.25, 2.25, 5.5, 4.5], "texture": "#0"},
				"south": {"uv": [3.25, 4.5, 5.5, 6.75], "texture": "#0"},
				"west": {"uv": [5.5, 0, 7.75, 2.25], "texture": "#0"},
				"up": {"uv": [7.75, 4.5, 5.5, 2.25], "texture": "#0"}
			}
		},
		{
			"from": [3.25, 0, 3.25],
			"to": [12.75, 9.25, 12.75],
			"faces": {
				"north": {"uv": [5.5, 4.5, 7.75, 6.75], "texture": "#0"},
				"east": {"uv": [0, 6.5, 2.25, 8.75], "texture": "#0"},
				"south": {"uv": [2.25, 6.75, 4.5, 9], "texture": "#0"},
				"west": {"uv": [4.5, 6.75, 6.75, 9], "texture": "#0"}
			}
		},
		{
			"from": [1.5, 0, 1.5],
			"to": [14.5, 0, 14.5],
			"faces": {
				"north": {"uv": [0, 0, 3.25, 0], "texture": "#0"},
				"east": {"uv": [0, 0, 3.25, 0], "texture": "#0"},
				"south": {"uv": [0, 0, 3.25, 0], "texture": "#0"},
				"west": {"uv": [0, 0, 3.25, 0], "texture": "#0"},
				"up": {"uv": [3.25, 3.25, 0, 0], "texture": "#0"},
				"down": {"uv": [3.25, 3.25, 0, 6.5], "texture": "#0"}
			}
		}
	],
	"display": {
		"thirdperson_righthand": {
			"rotation": [75, 45, 0],
			"translation": [0, 2.5, 0],
			"scale": [0.375, 0.375, 0.375]
		},
		"thirdperson_lefthand": {
			"rotation": [75, 45, 0],
			"translation": [0, 2.5, 0],
			"scale": [0.375, 0.375, 0.375]
		},
		"firstperson_righthand": {
			"rotation": [0, 135, 0],
			"translation": [0, 4, 0],
			"scale": [0.4, 0.4, 0.4]
		},
		"firstperson_lefthand": {
			"rotation": [0, 135, 0],
			"translation": [0, 4, 0],
			"scale": [0.4, 0.4, 0.4]
		},
		"ground": {
			"translation": [0, 3, 0],
			"scale": [0.35, 0.35, 0.35]
		},
		"gui": {
			"rotation": [30, 225, 0],
			"translation": [0, 3, 0],
			"scale": [0.85, 0.85, 0.85]
		},
		"head": {
			"translation": [0, 16, 0],
			"scale": [1.61, 1.61, 1.61]
		},
		"fixed": {
			"translation": [0, 3.5, 0]
		}
	}
}