{
	"credit": "Made with Blockbench",
	"texture_size": [64, 64],
	"textures": {
		"0": "item/cowboy_hat",
		"particle": "item/cowboy_hat"
	},
	"elements": [
		{
			"from": [4, 4, 4],
			"to": [12, 11, 12],
			"faces": {
				"north": {"uv": [0, 7, 2, 8.75], "texture": "#0"},
				"east": {"uv": [7, 0, 9, 1.75], "texture": "#0"},
				"south": {"uv": [7, 1.75, 9, 3.5], "texture": "#0"},
				"west": {"uv": [2, 7, 4, 8.75], "texture": "#0"},
				"up": {"uv": [2, 7, 0, 5], "texture": "#0"}
			}
		},
		{
			"from": [3.75, 4, 3.75],
			"to": [12.25, 11.25, 12.25],
			"faces": {
				"north": {"uv": [4, 7, 6, 8.75], "texture": "#0"},
				"east": {"uv": [6, 7, 8, 8.75], "texture": "#0"},
				"south": {"uv": [8, 3.5, 10, 5.25], "texture": "#0"},
				"west": {"uv": [8, 5.25, 10, 7], "texture": "#0"},
				"up": {"uv": [4, 7, 2, 5], "texture": "#0"}
			}
		},
		{
			"from": [1, 4, 0],
			"to": [15, 4, 16],
			"faces": {
				"north": {"uv": [0, 0, 3.5, 0], "texture": "#0"},
				"east": {"uv": [0, 0, 4, 0], "texture": "#0"},
				"south": {"uv": [0, 0, 3.5, 0], "texture": "#0"},
				"west": {"uv": [0, 0, 4, 0], "texture": "#0"},
				"up": {"uv": [3.5, 4, 0, 0], "texture": "#0"},
				"down": {"uv": [7, 0, 3.5, 4], "texture": "#0"}
			}
		},
		{
			"from": [1, 4, 0],
			"to": [1, 8, 16],
			"faces": {
				"north": {"uv": [0, 0, 0, 1], "texture": "#0"},
				"east": {"uv": [4, 5, 8, 6], "texture": "#0"},
				"south": {"uv": [0, 0, 0, 1], "texture": "#0"},
				"west": {"uv": [4, 6, 8, 7], "texture": "#0"},
				"up": {"uv": [0, 4, 0, 0], "texture": "#0"},
				"down": {"uv": [0, 0, 0, 4], "texture": "#0"}
			}
		},
		{
			"from": [15, 4, 0],
			"to": [15, 8, 16],
			"faces": {
				"north": {"uv": [0, 0, 0, 1], "texture": "#0"},
				"east": {"uv": [0, 4, 4, 5], "texture": "#0"},
				"south": {"uv": [0, 0, 0, 1], "texture": "#0"},
				"west": {"uv": [4, 4, 8, 5], "texture": "#0"},
				"up": {"uv": [0, 4, 0, 0], "texture": "#0"},
				"down": {"uv": [0, 0, 0, 4], "texture": "#0"}
			}
		}
	],
	"display": {
		"thirdperson_righthand": {
			"rotation": [75, 45, 0],
			"translation": [0, 2.5, 0],
			"scale": [0.375, 0.375, 0.375]
		},
		"thirdperson_lefthand": {
			"rotation": [75, 45, 0],
			"translation": [0, 2.5, 0],
			"scale": [0.375, 0.375, 0.375]
		},
		"firstperson_righthand": {
			"rotation": [0, 45, 0],
			"translation": [0, 2, 0],
			"scale": [0.4, 0.4, 0.4]
		},
		"firstperson_lefthand": {
			"rotation": [0, 225, 0],
			"translation": [0, 2, 0],
			"scale": [0.4, 0.4, 0.4]
		},
		"ground": {
			"translation": [0, 3, 0],
			"scale": [0.25, 0.25, 0.25]
		},
		"gui": {
			"rotation": [30, 225, 0],
			"scale": [0.625, 0.625, 0.625]
		},
		"head": {
			"translation": [0, 9, 0],
			"scale": [1.85, 1.85, 1.85]
		},
		"fixed": {
			"scale": [0.5, 0.5, 0.5]
		}
	}
}