{
	"providers": [
		{"type": "bitmap", "file": "minecraft:font/space_split.png","ascent": -32768,"height": -10,"chars": ["생"]},

		{"type": "bitmap", "file": "minecraft:font/pixel.png","ascent": -2000,"height": -3,"chars": ["니"]},

		{"type": "bitmap", "file": "minecraft:gui/help_guide.png","ascent": 13,"height": 130,"chars": ["주"]},
		{"type": "bitmap", "file": "minecraft:gui/chatcolor.png","ascent": 13,"height": 76,"chars": ["우"]},

		{"type": "bitmap", "file": "minecraft:font/icons/ruby.png","ascent": 8,"height": 9, "chars": ["지"]},
		{"type": "bitmap", "file": "minecraft:font/icons/stopwatch.png","ascent": 8,"height": 9, "chars": ["뿐"]},

		{"type": "bitmap", "file": "minecraft:font/emojis/clown.png","ascent": 8,"height": 9, "chars": ["간"]},
		{"type": "bitmap", "file": "minecraft:font/emojis/exploding_head.png","ascent": 8,"height": 9, "chars": ["가"]},
		{"type": "bitmap", "file": "minecraft:font/emojis/eyes.png","ascent": 8,"height": 9, "chars": ["위"]},
		{"type": "bitmap", "file": "minecraft:font/emojis/face_with_raised_eyebrow.png","ascent": 8,"height": 9, "chars": ["각"]},
		{"type": "bitmap", "file": "minecraft:font/emojis/fearful.png","ascent": 8,"height": 9, "chars": ["특"]},
		{"type": "bitmap", "file": "minecraft:font/emojis/flushed.png","ascent": 8,"height": 9, "chars": ["다"]},
		{"type": "bitmap", "file": "minecraft:font/emojis/heart.png","ascent": 8,"height": 9, "chars": ["마"]},
		{"type": "bitmap", "file": "minecraft:font/emojis/joy.png","ascent": 8,"height": 9, "chars": ["앉"]},
		{"type": "bitmap", "file": "minecraft:font/emojis/kekw.png","ascent": 8,"height": 9, "chars": ["없"]},
		{"type": "bitmap", "file": "minecraft:font/emojis/mike.png","ascent": 8,"height": 9, "chars": ["번"]},
		{"type": "bitmap", "file": "minecraft:font/emojis/mike_smirk.png","ascent": 8,"height": 9, "chars": ["쉽"]},
		{"type": "bitmap", "file": "minecraft:font/emojis/muscle.png","ascent": 8,"height": 9, "chars": ["정"]},
		{"type": "bitmap", "file": "minecraft:font/emojis/nerd.png","ascent": 8,"height": 9, "chars": ["만"]},
		{"type": "bitmap", "file": "minecraft:font/emojis/neutral_face.png","ascent": 8,"height": 9, "chars": ["부"]},
		{"type": "bitmap", "file": "minecraft:font/emojis/pensive.png","ascent": 8,"height": 9, "chars": ["시"]},
		{"type": "bitmap", "file": "minecraft:font/emojis/pride.png","ascent": 8,"height": 9, "chars": ["롭"]},
		{"type": "bitmap", "file": "minecraft:font/emojis/rage.png","ascent": 8,"height": 9, "chars": ["러"]},
		{"type": "bitmap", "file": "minecraft:font/emojis/rolling_eyes.png","ascent": 8,"height": 9, "chars": ["새"]},
		{"type": "bitmap", "file": "minecraft:font/emojis/skull.png","ascent": 8,"height": 9, "chars": ["안"]},
		{"type": "bitmap", "file": "minecraft:font/emojis/smile.png","ascent": 8,"height": 9, "chars": ["나"]},
		{"type": "bitmap", "file": "minecraft:font/emojis/sob.png","ascent": 8,"height": 9, "chars": ["내"]},
		{"type": "bitmap", "file": "minecraft:font/emojis/sunglasses.png","ascent": 8,"height": 9, "chars": ["놓"]},
		{"type": "bitmap", "file": "minecraft:font/emojis/sus.png","ascent": 8,"height": 9, "chars": ["하"]}
	]
}