{
 "parent": "item/generated",
 "textures": {
  "layer0": "item/carrot_on_a_stick"
 },
 
 "overrides": [
  {"predicate": {"custom_model_data":1000}, "model": "custom/empty"},
  {"predicate": {"custom_model_data":1001}, "model": "custom/ender_pouch"},
  {"predicate": {"custom_model_data":1002}, "model": "custom/xp_pouch_empty"},
  {"predicate": {"custom_model_data":1003}, "model": "custom/xp_pouch_full"},
  {"predicate": {"custom_model_data":1004}, "model": "custom/help_guide"},
  {"predicate": {"custom_model_data":1005}, "model": "custom/planting_tome"},
  {"predicate": {"custom_model_data":2001}, "model": "custom/haste_scroll"},
  {"predicate": {"custom_model_data":3001}, "model": "custom/towering_pillar_of_hats"},
  {"predicate": {"custom_model_data":3002}, "model": "custom/counterfeit_billycock"},
  {"predicate": {"custom_model_data":3003}, "model": "custom/propeller_hat"},
  {"predicate": {"custom_model_data":3004}, "model": "custom/cowboy_hat"}
 ]
}