{
	"providers": [
		{"type": "bitmap", "file": "minecraft:font/space_split.png","ascent": -32768,"height": -10,"chars": ["생"]},

		{"type": "bitmap", "file": "minecraft:font/pixel.png","ascent": -2000,"height": -3,"chars": ["니"]},

		{"type": "bitmap", "file": "minecraft:gui/help_guide.png","ascent": 13,"height": 130,"chars": ["주"]},
		{"type": "bitmap", "file": "minecraft:gui/chatcolor.png","ascent": 13,"height": 76,"chars": ["우"]},

		{"type": "bitmap", "file": "minecraft:font/icons/ruby.png","ascent": 8,"height": 9, "chars": ["지"]},
		{"type": "bitmap", "file": "minecraft:font/icons/stopwatch.png","ascent": 8,"height": 9, "chars": ["뿐"]},

		{"type": "bitmap", "file": "minecraft:font/emojis/clown.png","ascent": 8,"height": 9, "chars": ["간"]},
		{"type": "bitmap", "file": "minecraft:font/emojis/eyes.png","ascent": 8,"height": 9, "chars": ["위"]},
		{"type": "bitmap", "file": "minecraft:font/emojis/face_with_raised_eyebrow.png","ascent": 8,"height": 9, "chars": ["각"]},
		{"type": "bitmap", "file": "minecraft:font/emojis/flushed.png","ascent": 8,"height": 9, "chars": ["다"]},
		{"type": "bitmap", "file": "minecraft:font/emojis/nerd.png","ascent": 8,"height": 9, "chars": ["만"]},
		{"type": "bitmap", "file": "minecraft:font/emojis/skull.png","ascent": 8,"height": 9, "chars": ["안"]},
		{"type": "bitmap", "file": "minecraft:font/emojis/smile.png","ascent": 8,"height": 9, "chars": ["나"]},
		{"type": "bitmap", "file": "minecraft:font/emojis/sob.png","ascent": 8,"height": 9, "chars": ["내"]},
		{"type": "bitmap", "file": "minecraft:font/emojis/sunglasses.png","ascent": 8,"height": 9, "chars": ["놓"]}
	]
}