{
	"providers": [
		{"type": "bitmap", "file": "minecraft:font/space_split.png","ascent": -32768,"height": -10,"chars": ["생"]},
		{"type": "bitmap", "file": "minecraft:font/pixel.png","ascent": -2000,"height": -3,"chars": ["니"]},
		{"type": "bitmap", "file": "minecraft:gui/help_guide.png","ascent": 13,"height": 130,"chars": ["주"]},
		{"type": "bitmap", "file": "minecraft:gui/chatcolor.png","ascent": 13,"height": 76,"chars": ["우"]},
		{"type": "bitmap", "file": "minecraft:font/icons/ruby.png","ascent": 8,"height": 9, "chars": ["지"]},
		{"type": "bitmap", "file": "minecraft:font/emojis/skull.png","ascent": 8,"height": 9, "chars": ["안"]}
	]
}