{
	"credit": "Made with Blockbench",
	"texture_size": [64, 64],
	"textures": {
		"0": "item/towering_pillar_of_hats",
		"particle": "item/towering_pillar_of_hats"
	},
	"elements": [
		{
			"from": [3, 0, 3],
			"to": [13, 16, 13],
			"faces": {
				"north": {"uv": [3.5, 7, 6, 11], "texture": "#0"},
				"east": {"uv": [7, 3.5, 9.5, 7.5], "texture": "#0"},
				"south": {"uv": [6, 7.5, 8.5, 11.5], "texture": "#0"},
				"west": {"uv": [8.5, 7.5, 11, 11.5], "texture": "#0"},
				"up": {"uv": [12, 6, 9.5, 3.5], "texture": "#0"}
			}
		},
		{
			"from": [3, 13, 2.9],
			"to": [13, 17, 13.1],
			"rotation": {"angle": -22.5, "axis": "z", "origin": [13, 13, 3]},
			"faces": {
				"north": {"uv": [10.5, 1.5, 13, 2.5], "texture": "#0"},
				"east": {"uv": [10.5, 2.5, 13, 3.5], "texture": "#0"},
				"south": {"uv": [2.5, 11, 5, 12], "texture": "#0"},
				"west": {"uv": [11, 7.5, 13.5, 8.5], "texture": "#0"},
				"up": {"uv": [2.5, 13, 0, 10.5], "texture": "#0"}
			}
		},
		{
			"from": [1, 13, 1],
			"to": [15, 13, 15],
			"rotation": {"angle": -22.5, "axis": "z", "origin": [13, 13, 3]},
			"faces": {
				"north": {"uv": [0, 0, 3.5, 0], "texture": "#0"},
				"east": {"uv": [0, 0, 3.5, 0], "texture": "#0"},
				"south": {"uv": [0, 0, 3.5, 0], "texture": "#0"},
				"west": {"uv": [0, 0, 3.5, 0], "texture": "#0"},
				"up": {"uv": [3.5, 3.5, 0, 0], "texture": "#0"},
				"down": {"uv": [3.5, 3.5, 0, 7], "texture": "#0"}
			}
		},
		{
			"from": [1, 0, 1],
			"to": [15, 0, 15],
			"faces": {
				"north": {"uv": [0, 0, 3.5, 0], "texture": "#0"},
				"east": {"uv": [0, 0, 3.5, 0], "texture": "#0"},
				"south": {"uv": [0, 0, 3.5, 0], "texture": "#0"},
				"west": {"uv": [0, 0, 3.5, 0], "texture": "#0"},
				"up": {"uv": [7, 3.5, 3.5, 0], "texture": "#0"},
				"down": {"uv": [7, 3.5, 3.5, 7], "texture": "#0"}
			}
		},
		{
			"from": [1, 4, 1],
			"to": [15, 4, 15],
			"faces": {
				"north": {"uv": [0, 0, 3.5, 0], "texture": "#0"},
				"east": {"uv": [0, 0, 3.5, 0], "texture": "#0"},
				"south": {"uv": [0, 0, 3.5, 0], "texture": "#0"},
				"west": {"uv": [0, 0, 3.5, 0], "texture": "#0"},
				"up": {"uv": [3.5, 10.5, 0, 7], "texture": "#0"},
				"down": {"uv": [10.5, 0, 7, 3.5], "texture": "#0"}
			}
		},
		{
			"from": [1, 4, 1],
			"to": [1, 7, 15],
			"faces": {
				"north": {"uv": [0, 0, 0, 0.75], "texture": "#0"},
				"east": {"uv": [10.5, 0, 14, 0.75], "texture": "#0"},
				"south": {"uv": [0, 0, 0, 0.75], "texture": "#0"},
				"west": {"uv": [10.5, 0.75, 14, 1.5], "texture": "#0"},
				"up": {"uv": [0, 3.5, 0, 0], "texture": "#0"},
				"down": {"uv": [0, 0, 0, 3.5], "texture": "#0"}
			}
		},
		{
			"from": [15, 4, 1],
			"to": [15, 7, 15],
			"faces": {
				"north": {"uv": [0, 0, 0, 0.75], "texture": "#0"},
				"east": {"uv": [9.5, 6, 13, 6.75], "texture": "#0"},
				"south": {"uv": [0, 0, 0, 0.75], "texture": "#0"},
				"west": {"uv": [9.5, 6.75, 13, 7.5], "texture": "#0"},
				"up": {"uv": [0, 3.5, 0, 0], "texture": "#0"},
				"down": {"uv": [0, 0, 0, 3.5], "texture": "#0"}
			}
		}
	],
	"display": {
		"thirdperson_righthand": {
			"rotation": [75, 45, 0],
			"translation": [0, 2.5, 0],
			"scale": [0.375, 0.375, 0.375]
		},
		"thirdperson_lefthand": {
			"rotation": [75, 45, 0],
			"translation": [0, 2.5, 0],
			"scale": [0.375, 0.375, 0.375]
		},
		"firstperson_righthand": {
			"rotation": [0, 45, 0],
			"translation": [0, 4.25, 0],
			"scale": [0.4, 0.4, 0.4]
		},
		"firstperson_lefthand": {
			"rotation": [0, 225, 0],
			"translation": [0, 4, 0],
			"scale": [0.4, 0.4, 0.4]
		},
		"ground": {
			"translation": [0, 3, 0],
			"scale": [0.25, 0.25, 0.25]
		},
		"gui": {
			"rotation": [30, 225, 0],
			"scale": [0.625, 0.625, 0.625]
		},
		"head": {
			"translation": [0, 16, 0],
			"scale": [1.6, 1.6, 1.6]
		}
	}
}